Copyright 1986-2020 Xilinx, Inc. All Rights Reserved.
-----------------------------------------------------------------------------------------------------------------------------------------------------------------------------------------------------------------
| Tool Version : Vivado v.2020.1 (win64) Build 2902540 Wed May 27 19:54:49 MDT 2020
| Date         : Wed Oct  7 14:16:03 2026
| Host         : hijabasif running 64-bit major release  (build 9200)
| Command      : report_timing_summary -max_paths 10 -file top_fsm_system_timing_summary_routed.rpt -pb top_fsm_system_timing_summary_routed.pb -rpx top_fsm_system_timing_summary_routed.rpx -warn_on_violation
| Design       : top_fsm_system
| Device       : 7a35t-cpg236
| Speed File   : -1  PRODUCTION 1.23 2018-06-13
-----------------------------------------------------------------------------------------------------------------------------------------------------------------------------------------------------------------

Timing Summary Report

------------------------------------------------------------------------------------------------
| Timer Settings
| --------------
------------------------------------------------------------------------------------------------

  Enable Multi Corner Analysis               :  Yes
  Enable Pessimism Removal                   :  Yes
  Pessimism Removal Resolution               :  Nearest Common Node
  Enable Input Delay Default Clock           :  No
  Enable Preset / Clear Arcs                 :  No
  Disable Flight Delays                      :  No
  Ignore I/O Paths                           :  No
  Timing Early Launch at Borrowing Latches   :  No
  Borrow Time for Max Delay Exceptions       :  Yes
  Merge Timing Exceptions                    :  Yes

  Corner  Analyze    Analyze    
  Name    Max Paths  Min Paths  
  ------  ---------  ---------  
  Slow    Yes        Yes        
  Fast    Yes        Yes        



check_timing report

Table of Contents
-----------------
1. checking no_clock (13)
2. checking constant_clock (0)
3. checking pulse_width_clock (0)
4. checking unconstrained_internal_endpoints (38)
5. checking no_input_delay (13)
6. checking no_output_delay (16)
7. checking multiple_clock (0)
8. checking generated_clocks (0)
9. checking loops (0)
10. checking partial_input_delay (0)
11. checking partial_output_delay (0)
12. checking latch_loops (0)

1. checking no_clock (13)
-------------------------
 There are 13 register/latch pins with no clock driven by root clock pin: ticker/clk_out_reg/Q (HIGH)


2. checking constant_clock (0)
------------------------------
 There are 0 register/latch pins with constant_clock.


3. checking pulse_width_clock (0)
---------------------------------
 There are 0 register/latch pins which need pulse_width check


4. checking unconstrained_internal_endpoints (38)
-------------------------------------------------
 There are 38 pins that are not constrained for maximum delay. (HIGH)

 There are 0 pins that are not constrained for maximum delay due to constant clock.


5. checking no_input_delay (13)
-------------------------------
 There are 13 input ports with no input delay specified. (HIGH)

 There are 0 input ports with no input delay but user has a false path constraint.


6. checking no_output_delay (16)
--------------------------------
 There are 16 ports with no output delay specified. (HIGH)

 There are 0 ports with no output delay but user has a false path constraint

 There are 0 ports with no output delay but with a timing clock defined on it or propagating through it


7. checking multiple_clock (0)
------------------------------
 There are 0 register/latch pins with multiple clocks.


8. checking generated_clocks (0)
--------------------------------
 There are 0 generated clocks that are not connected to a clock source.


9. checking loops (0)
---------------------
 There are 0 combinational loops in the design.


10. checking partial_input_delay (0)
------------------------------------
 There are 0 input ports with partial input delay specified.


11. checking partial_output_delay (0)
-------------------------------------
 There are 0 ports with partial output delay specified.


12. checking latch_loops (0)
----------------------------
 There are 0 combinational latch loops in the design through latch input



------------------------------------------------------------------------------------------------
| Design Timing Summary
| ---------------------
------------------------------------------------------------------------------------------------

    WNS(ns)      TNS(ns)  TNS Failing Endpoints  TNS Total Endpoints      WHS(ns)      THS(ns)  THS Failing Endpoints  THS Total Endpoints     WPWS(ns)     TPWS(ns)  TPWS Failing Endpoints  TPWS Total Endpoints  
    -------      -------  ---------------------  -------------------      -------      -------  ---------------------  -------------------     --------     --------  ----------------------  --------------------  
      5.916        0.000                      0                   27        0.276        0.000                      0                   27        4.500        0.000                       0                    44  


All user specified timing constraints are met.


------------------------------------------------------------------------------------------------
| Clock Summary
| -------------
------------------------------------------------------------------------------------------------

Clock        Waveform(ns)       Period(ns)      Frequency(MHz)
-----        ------------       ----------      --------------
sys_clk_pin  {0.000 5.000}      10.000          100.000         


------------------------------------------------------------------------------------------------
| Intra Clock Table
| -----------------
------------------------------------------------------------------------------------------------

Clock             WNS(ns)      TNS(ns)  TNS Failing Endpoints  TNS Total Endpoints      WHS(ns)      THS(ns)  THS Failing Endpoints  THS Total Endpoints     WPWS(ns)     TPWS(ns)  TPWS Failing Endpoints  TPWS Total Endpoints  
-----             -------      -------  ---------------------  -------------------      -------      -------  ---------------------  -------------------     --------     --------  ----------------------  --------------------  
sys_clk_pin         5.916        0.000                      0                   27        0.276        0.000                      0                   27        4.500        0.000                       0                    44  


------------------------------------------------------------------------------------------------
| Inter Clock Table
| -----------------
------------------------------------------------------------------------------------------------

From Clock    To Clock          WNS(ns)      TNS(ns)  TNS Failing Endpoints  TNS Total Endpoints      WHS(ns)      THS(ns)  THS Failing Endpoints  THS Total Endpoints  
----------    --------          -------      -------  ---------------------  -------------------      -------      -------  ---------------------  -------------------  


------------------------------------------------------------------------------------------------
| Other Path Groups Table
| -----------------------
------------------------------------------------------------------------------------------------

Path Group    From Clock    To Clock          WNS(ns)      TNS(ns)  TNS Failing Endpoints  TNS Total Endpoints      WHS(ns)      THS(ns)  THS Failing Endpoints  THS Total Endpoints  
----------    ----------    --------          -------      -------  ---------------------  -------------------      -------      -------  ---------------------  -------------------  


------------------------------------------------------------------------------------------------
| Timing Details
| --------------
------------------------------------------------------------------------------------------------


---------------------------------------------------------------------------------------------------
From Clock:  sys_clk_pin
  To Clock:  sys_clk_pin

Setup :            0  Failing Endpoints,  Worst Slack        5.916ns,  Total Violation        0.000ns
Hold  :            0  Failing Endpoints,  Worst Slack        0.276ns,  Total Violation        0.000ns
PW    :            0  Failing Endpoints,  Worst Slack        4.500ns,  Total Violation        0.000ns
---------------------------------------------------------------------------------------------------


Max Delay Paths
--------------------------------------------------------------------------------------
Slack (MET) :             5.916ns  (required time - arrival time)
  Source:                 ticker/count_reg[1]/C
                            (rising edge-triggered cell FDRE clocked by sys_clk_pin  {rise@0.000ns fall@5.000ns period=10.000ns})
  Destination:            ticker/count_reg[22]/D
                            (rising edge-triggered cell FDRE clocked by sys_clk_pin  {rise@0.000ns fall@5.000ns period=10.000ns})
  Path Group:             sys_clk_pin
  Path Type:              Setup (Max at Slow Process Corner)
  Requirement:            10.000ns  (sys_clk_pin rise@10.000ns - sys_clk_pin rise@0.000ns)
  Data Path Delay:        4.058ns  (logic 2.398ns (59.096%)  route 1.660ns (40.904%))
  Logic Levels:           7  (CARRY4=6 LUT2=1)
  Clock Path Skew:        -0.020ns (DCD - SCD + CPR)
    Destination Clock Delay (DCD):    4.854ns = ( 14.854 - 10.000 ) 
    Source Clock Delay      (SCD):    5.147ns
    Clock Pessimism Removal (CPR):    0.273ns
  Clock Uncertainty:      0.035ns  ((TSJ^2 + TIJ^2)^1/2 + DJ) / 2 + PE
    Total System Jitter     (TSJ):    0.071ns
    Total Input Jitter      (TIJ):    0.000ns
    Discrete Jitter          (DJ):    0.000ns
    Phase Error              (PE):    0.000ns

    Location             Delay type                Incr(ns)  Path(ns)    Netlist Resource(s)
  -------------------------------------------------------------------    -------------------
                         (clock sys_clk_pin rise edge)
                                                      0.000     0.000 r  
    W5                                                0.000     0.000 r  clk (IN)
                         net (fo=0)                   0.000     0.000    clk
    W5                   IBUF (Prop_ibuf_I_O)         1.458     1.458 r  clk_IBUF_inst/O
                         net (fo=1, routed)           1.967     3.425    clk_IBUF
    BUFGCTRL_X0Y0        BUFG (Prop_bufg_I_O)         0.096     3.521 r  clk_IBUF_BUFG_inst/O
                         net (fo=43, routed)          1.626     5.147    ticker/clk_IBUF_BUFG
    SLICE_X6Y32          FDRE                                         r  ticker/count_reg[1]/C
  -------------------------------------------------------------------    -------------------
    SLICE_X6Y32          FDRE (Prop_fdre_C_Q)         0.478     5.625 r  ticker/count_reg[1]/Q
                         net (fo=2, routed)           0.811     6.436    ticker/count[1]
    SLICE_X5Y32          CARRY4 (Prop_carry4_S[0]_CO[3])
                                                      0.827     7.263 r  ticker/count0_carry/CO[3]
                         net (fo=1, routed)           0.000     7.263    ticker/count0_carry_n_0
    SLICE_X5Y33          CARRY4 (Prop_carry4_CI_CO[3])
                                                      0.114     7.377 r  ticker/count0_carry__0/CO[3]
                         net (fo=1, routed)           0.000     7.377    ticker/count0_carry__0_n_0
    SLICE_X5Y34          CARRY4 (Prop_carry4_CI_CO[3])
                                                      0.114     7.491 r  ticker/count0_carry__1/CO[3]
                         net (fo=1, routed)           0.000     7.491    ticker/count0_carry__1_n_0
    SLICE_X5Y35          CARRY4 (Prop_carry4_CI_CO[3])
                                                      0.114     7.605 r  ticker/count0_carry__2/CO[3]
                         net (fo=1, routed)           0.000     7.605    ticker/count0_carry__2_n_0
    SLICE_X5Y36          CARRY4 (Prop_carry4_CI_CO[3])
                                                      0.114     7.719 r  ticker/count0_carry__3/CO[3]
                         net (fo=1, routed)           0.000     7.719    ticker/count0_carry__3_n_0
    SLICE_X5Y37          CARRY4 (Prop_carry4_CI_O[1])
                                                      0.334     8.053 r  ticker/count0_carry__4/O[1]
                         net (fo=1, routed)           0.849     8.902    ticker/count0_carry__4_n_6
    SLICE_X4Y37          LUT2 (Prop_lut2_I1_O)        0.303     9.205 r  ticker/count[22]_i_1/O
                         net (fo=1, routed)           0.000     9.205    ticker/count_0[22]
    SLICE_X4Y37          FDRE                                         r  ticker/count_reg[22]/D
  -------------------------------------------------------------------    -------------------

                         (clock sys_clk_pin rise edge)
                                                     10.000    10.000 r  
    W5                                                0.000    10.000 r  clk (IN)
                         net (fo=0)                   0.000    10.000    clk
    W5                   IBUF (Prop_ibuf_I_O)         1.388    11.388 r  clk_IBUF_inst/O
                         net (fo=1, routed)           1.862    13.250    clk_IBUF
    BUFGCTRL_X0Y0        BUFG (Prop_bufg_I_O)         0.091    13.341 r  clk_IBUF_BUFG_inst/O
                         net (fo=43, routed)          1.513    14.854    ticker/clk_IBUF_BUFG
    SLICE_X4Y37          FDRE                                         r  ticker/count_reg[22]/C
                         clock pessimism              0.273    15.127    
                         clock uncertainty           -0.035    15.092    
    SLICE_X4Y37          FDRE (Setup_fdre_C_D)        0.029    15.121    ticker/count_reg[22]
  -------------------------------------------------------------------
                         required time                         15.121    
                         arrival time                          -9.205    
  -------------------------------------------------------------------
                         slack                                  5.916    

Slack (MET) :             5.957ns  (required time - arrival time)
  Source:                 ticker/count_reg[1]/C
                            (rising edge-triggered cell FDRE clocked by sys_clk_pin  {rise@0.000ns fall@5.000ns period=10.000ns})
  Destination:            ticker/count_reg[25]/D
                            (rising edge-triggered cell FDRE clocked by sys_clk_pin  {rise@0.000ns fall@5.000ns period=10.000ns})
  Path Group:             sys_clk_pin
  Path Type:              Setup (Max at Slow Process Corner)
  Requirement:            10.000ns  (sys_clk_pin rise@10.000ns - sys_clk_pin rise@0.000ns)
  Data Path Delay:        4.063ns  (logic 2.424ns (59.659%)  route 1.639ns (40.341%))
  Logic Levels:           8  (CARRY4=7 LUT2=1)
  Clock Path Skew:        -0.020ns (DCD - SCD + CPR)
    Destination Clock Delay (DCD):    4.854ns = ( 14.854 - 10.000 ) 
    Source Clock Delay      (SCD):    5.147ns
    Clock Pessimism Removal (CPR):    0.273ns
  Clock Uncertainty:      0.035ns  ((TSJ^2 + TIJ^2)^1/2 + DJ) / 2 + PE
    Total System Jitter     (TSJ):    0.071ns
    Total Input Jitter      (TIJ):    0.000ns
    Discrete Jitter          (DJ):    0.000ns
    Phase Error              (PE):    0.000ns

    Location             Delay type                Incr(ns)  Path(ns)    Netlist Resource(s)
  -------------------------------------------------------------------    -------------------
                         (clock sys_clk_pin rise edge)
                                                      0.000     0.000 r  
    W5                                                0.000     0.000 r  clk (IN)
                         net (fo=0)                   0.000     0.000    clk
    W5                   IBUF (Prop_ibuf_I_O)         1.458     1.458 r  clk_IBUF_inst/O
                         net (fo=1, routed)           1.967     3.425    clk_IBUF
    BUFGCTRL_X0Y0        BUFG (Prop_bufg_I_O)         0.096     3.521 r  clk_IBUF_BUFG_inst/O
                         net (fo=43, routed)          1.626     5.147    ticker/clk_IBUF_BUFG
    SLICE_X6Y32          FDRE                                         r  ticker/count_reg[1]/C
  -------------------------------------------------------------------    -------------------
    SLICE_X6Y32          FDRE (Prop_fdre_C_Q)         0.478     5.625 r  ticker/count_reg[1]/Q
                         net (fo=2, routed)           0.811     6.436    ticker/count[1]
    SLICE_X5Y32          CARRY4 (Prop_carry4_S[0]_CO[3])
                                                      0.827     7.263 r  ticker/count0_carry/CO[3]
                         net (fo=1, routed)           0.000     7.263    ticker/count0_carry_n_0
    SLICE_X5Y33          CARRY4 (Prop_carry4_CI_CO[3])
                                                      0.114     7.377 r  ticker/count0_carry__0/CO[3]
                         net (fo=1, routed)           0.000     7.377    ticker/count0_carry__0_n_0
    SLICE_X5Y34          CARRY4 (Prop_carry4_CI_CO[3])
                                                      0.114     7.491 r  ticker/count0_carry__1/CO[3]
                         net (fo=1, routed)           0.000     7.491    ticker/count0_carry__1_n_0
    SLICE_X5Y35          CARRY4 (Prop_carry4_CI_CO[3])
                                                      0.114     7.605 r  ticker/count0_carry__2/CO[3]
                         net (fo=1, routed)           0.000     7.605    ticker/count0_carry__2_n_0
    SLICE_X5Y36          CARRY4 (Prop_carry4_CI_CO[3])
                                                      0.114     7.719 r  ticker/count0_carry__3/CO[3]
                         net (fo=1, routed)           0.000     7.719    ticker/count0_carry__3_n_0
    SLICE_X5Y37          CARRY4 (Prop_carry4_CI_CO[3])
                                                      0.114     7.833 r  ticker/count0_carry__4/CO[3]
                         net (fo=1, routed)           0.000     7.833    ticker/count0_carry__4_n_0
    SLICE_X5Y38          CARRY4 (Prop_carry4_CI_O[0])
                                                      0.222     8.055 r  ticker/count0_carry__5/O[0]
                         net (fo=1, routed)           0.828     8.883    ticker/count0_carry__5_n_7
    SLICE_X4Y37          LUT2 (Prop_lut2_I1_O)        0.327     9.210 r  ticker/count[25]_i_1/O
                         net (fo=1, routed)           0.000     9.210    ticker/count_0[25]
    SLICE_X4Y37          FDRE                                         r  ticker/count_reg[25]/D
  -------------------------------------------------------------------    -------------------

                         (clock sys_clk_pin rise edge)
                                                     10.000    10.000 r  
    W5                                                0.000    10.000 r  clk (IN)
                         net (fo=0)                   0.000    10.000    clk
    W5                   IBUF (Prop_ibuf_I_O)         1.388    11.388 r  clk_IBUF_inst/O
                         net (fo=1, routed)           1.862    13.250    clk_IBUF
    BUFGCTRL_X0Y0        BUFG (Prop_bufg_I_O)         0.091    13.341 r  clk_IBUF_BUFG_inst/O
                         net (fo=43, routed)          1.513    14.854    ticker/clk_IBUF_BUFG
    SLICE_X4Y37          FDRE                                         r  ticker/count_reg[25]/C
                         clock pessimism              0.273    15.127    
                         clock uncertainty           -0.035    15.092    
    SLICE_X4Y37          FDRE (Setup_fdre_C_D)        0.075    15.167    ticker/count_reg[25]
  -------------------------------------------------------------------
                         required time                         15.167    
                         arrival time                          -9.210    
  -------------------------------------------------------------------
                         slack                                  5.957    

Slack (MET) :             6.029ns  (required time - arrival time)
  Source:                 ticker/count_reg[1]/C
                            (rising edge-triggered cell FDRE clocked by sys_clk_pin  {rise@0.000ns fall@5.000ns period=10.000ns})
  Destination:            ticker/count_reg[18]/D
                            (rising edge-triggered cell FDRE clocked by sys_clk_pin  {rise@0.000ns fall@5.000ns period=10.000ns})
  Path Group:             sys_clk_pin
  Path Type:              Setup (Max at Slow Process Corner)
  Requirement:            10.000ns  (sys_clk_pin rise@10.000ns - sys_clk_pin rise@0.000ns)
  Data Path Delay:        3.944ns  (logic 2.284ns (57.914%)  route 1.660ns (42.086%))
  Logic Levels:           6  (CARRY4=5 LUT2=1)
  Clock Path Skew:        -0.021ns (DCD - SCD + CPR)
    Destination Clock Delay (DCD):    4.853ns = ( 14.853 - 10.000 ) 
    Source Clock Delay      (SCD):    5.147ns
    Clock Pessimism Removal (CPR):    0.273ns
  Clock Uncertainty:      0.035ns  ((TSJ^2 + TIJ^2)^1/2 + DJ) / 2 + PE
    Total System Jitter     (TSJ):    0.071ns
    Total Input Jitter      (TIJ):    0.000ns
    Discrete Jitter          (DJ):    0.000ns
    Phase Error              (PE):    0.000ns

    Location             Delay type                Incr(ns)  Path(ns)    Netlist Resource(s)
  -------------------------------------------------------------------    -------------------
                         (clock sys_clk_pin rise edge)
                                                      0.000     0.000 r  
    W5                                                0.000     0.000 r  clk (IN)
                         net (fo=0)                   0.000     0.000    clk
    W5                   IBUF (Prop_ibuf_I_O)         1.458     1.458 r  clk_IBUF_inst/O
                         net (fo=1, routed)           1.967     3.425    clk_IBUF
    BUFGCTRL_X0Y0        BUFG (Prop_bufg_I_O)         0.096     3.521 r  clk_IBUF_BUFG_inst/O
                         net (fo=43, routed)          1.626     5.147    ticker/clk_IBUF_BUFG
    SLICE_X6Y32          FDRE                                         r  ticker/count_reg[1]/C
  -------------------------------------------------------------------    -------------------
    SLICE_X6Y32          FDRE (Prop_fdre_C_Q)         0.478     5.625 r  ticker/count_reg[1]/Q
                         net (fo=2, routed)           0.811     6.436    ticker/count[1]
    SLICE_X5Y32          CARRY4 (Prop_carry4_S[0]_CO[3])
                                                      0.827     7.263 r  ticker/count0_carry/CO[3]
                         net (fo=1, routed)           0.000     7.263    ticker/count0_carry_n_0
    SLICE_X5Y33          CARRY4 (Prop_carry4_CI_CO[3])
                                                      0.114     7.377 r  ticker/count0_carry__0/CO[3]
                         net (fo=1, routed)           0.000     7.377    ticker/count0_carry__0_n_0
    SLICE_X5Y34          CARRY4 (Prop_carry4_CI_CO[3])
                                                      0.114     7.491 r  ticker/count0_carry__1/CO[3]
                         net (fo=1, routed)           0.000     7.491    ticker/count0_carry__1_n_0
    SLICE_X5Y35          CARRY4 (Prop_carry4_CI_CO[3])
                                                      0.114     7.605 r  ticker/count0_carry__2/CO[3]
                         net (fo=1, routed)           0.000     7.605    ticker/count0_carry__2_n_0
    SLICE_X5Y36          CARRY4 (Prop_carry4_CI_O[1])
                                                      0.334     7.939 r  ticker/count0_carry__3/O[1]
                         net (fo=1, routed)           0.849     8.788    ticker/count0_carry__3_n_6
    SLICE_X4Y36          LUT2 (Prop_lut2_I1_O)        0.303     9.091 r  ticker/count[18]_i_1/O
                         net (fo=1, routed)           0.000     9.091    ticker/count_0[18]
    SLICE_X4Y36          FDRE                                         r  ticker/count_reg[18]/D
  -------------------------------------------------------------------    -------------------

                         (clock sys_clk_pin rise edge)
                                                     10.000    10.000 r  
    W5                                                0.000    10.000 r  clk (IN)
                         net (fo=0)                   0.000    10.000    clk
    W5                   IBUF (Prop_ibuf_I_O)         1.388    11.388 r  clk_IBUF_inst/O
                         net (fo=1, routed)           1.862    13.250    clk_IBUF
    BUFGCTRL_X0Y0        BUFG (Prop_bufg_I_O)         0.091    13.341 r  clk_IBUF_BUFG_inst/O
                         net (fo=43, routed)          1.512    14.853    ticker/clk_IBUF_BUFG
    SLICE_X4Y36          FDRE                                         r  ticker/count_reg[18]/C
                         clock pessimism              0.273    15.126    
                         clock uncertainty           -0.035    15.091    
    SLICE_X4Y36          FDRE (Setup_fdre_C_D)        0.029    15.120    ticker/count_reg[18]
  -------------------------------------------------------------------
                         required time                         15.120    
                         arrival time                          -9.091    
  -------------------------------------------------------------------
                         slack                                  6.029    

Slack (MET) :             6.070ns  (required time - arrival time)
  Source:                 ticker/count_reg[1]/C
                            (rising edge-triggered cell FDRE clocked by sys_clk_pin  {rise@0.000ns fall@5.000ns period=10.000ns})
  Destination:            ticker/count_reg[21]/D
                            (rising edge-triggered cell FDRE clocked by sys_clk_pin  {rise@0.000ns fall@5.000ns period=10.000ns})
  Path Group:             sys_clk_pin
  Path Type:              Setup (Max at Slow Process Corner)
  Requirement:            10.000ns  (sys_clk_pin rise@10.000ns - sys_clk_pin rise@0.000ns)
  Data Path Delay:        3.949ns  (logic 2.310ns (58.495%)  route 1.639ns (41.505%))
  Logic Levels:           7  (CARRY4=6 LUT2=1)
  Clock Path Skew:        -0.021ns (DCD - SCD + CPR)
    Destination Clock Delay (DCD):    4.853ns = ( 14.853 - 10.000 ) 
    Source Clock Delay      (SCD):    5.147ns
    Clock Pessimism Removal (CPR):    0.273ns
  Clock Uncertainty:      0.035ns  ((TSJ^2 + TIJ^2)^1/2 + DJ) / 2 + PE
    Total System Jitter     (TSJ):    0.071ns
    Total Input Jitter      (TIJ):    0.000ns
    Discrete Jitter          (DJ):    0.000ns
    Phase Error              (PE):    0.000ns

    Location             Delay type                Incr(ns)  Path(ns)    Netlist Resource(s)
  -------------------------------------------------------------------    -------------------
                         (clock sys_clk_pin rise edge)
                                                      0.000     0.000 r  
    W5                                                0.000     0.000 r  clk (IN)
                         net (fo=0)                   0.000     0.000    clk
    W5                   IBUF (Prop_ibuf_I_O)         1.458     1.458 r  clk_IBUF_inst/O
                         net (fo=1, routed)           1.967     3.425    clk_IBUF
    BUFGCTRL_X0Y0        BUFG (Prop_bufg_I_O)         0.096     3.521 r  clk_IBUF_BUFG_inst/O
                         net (fo=43, routed)          1.626     5.147    ticker/clk_IBUF_BUFG
    SLICE_X6Y32          FDRE                                         r  ticker/count_reg[1]/C
  -------------------------------------------------------------------    -------------------
    SLICE_X6Y32          FDRE (Prop_fdre_C_Q)         0.478     5.625 r  ticker/count_reg[1]/Q
                         net (fo=2, routed)           0.811     6.436    ticker/count[1]
    SLICE_X5Y32          CARRY4 (Prop_carry4_S[0]_CO[3])
                                                      0.827     7.263 r  ticker/count0_carry/CO[3]
                         net (fo=1, routed)           0.000     7.263    ticker/count0_carry_n_0
    SLICE_X5Y33          CARRY4 (Prop_carry4_CI_CO[3])
                                                      0.114     7.377 r  ticker/count0_carry__0/CO[3]
                         net (fo=1, routed)           0.000     7.377    ticker/count0_carry__0_n_0
    SLICE_X5Y34          CARRY4 (Prop_carry4_CI_CO[3])
                                                      0.114     7.491 r  ticker/count0_carry__1/CO[3]
                         net (fo=1, routed)           0.000     7.491    ticker/count0_carry__1_n_0
    SLICE_X5Y35          CARRY4 (Prop_carry4_CI_CO[3])
                                                      0.114     7.605 r  ticker/count0_carry__2/CO[3]
                         net (fo=1, routed)           0.000     7.605    ticker/count0_carry__2_n_0
    SLICE_X5Y36          CARRY4 (Prop_carry4_CI_CO[3])
                                                      0.114     7.719 r  ticker/count0_carry__3/CO[3]
                         net (fo=1, routed)           0.000     7.719    ticker/count0_carry__3_n_0
    SLICE_X5Y37          CARRY4 (Prop_carry4_CI_O[0])
                                                      0.222     7.941 r  ticker/count0_carry__4/O[0]
                         net (fo=1, routed)           0.828     8.769    ticker/count0_carry__4_n_7
    SLICE_X4Y36          LUT2 (Prop_lut2_I1_O)        0.327     9.096 r  ticker/count[21]_i_1/O
                         net (fo=1, routed)           0.000     9.096    ticker/count_0[21]
    SLICE_X4Y36          FDRE                                         r  ticker/count_reg[21]/D
  -------------------------------------------------------------------    -------------------

                         (clock sys_clk_pin rise edge)
                                                     10.000    10.000 r  
    W5                                                0.000    10.000 r  clk (IN)
                         net (fo=0)                   0.000    10.000    clk
    W5                   IBUF (Prop_ibuf_I_O)         1.388    11.388 r  clk_IBUF_inst/O
                         net (fo=1, routed)           1.862    13.250    clk_IBUF
    BUFGCTRL_X0Y0        BUFG (Prop_bufg_I_O)         0.091    13.341 r  clk_IBUF_BUFG_inst/O
                         net (fo=43, routed)          1.512    14.853    ticker/clk_IBUF_BUFG
    SLICE_X4Y36          FDRE                                         r  ticker/count_reg[21]/C
                         clock pessimism              0.273    15.126    
                         clock uncertainty           -0.035    15.091    
    SLICE_X4Y36          FDRE (Setup_fdre_C_D)        0.075    15.166    ticker/count_reg[21]
  -------------------------------------------------------------------
                         required time                         15.166    
                         arrival time                          -9.096    
  -------------------------------------------------------------------
                         slack                                  6.070    

Slack (MET) :             6.139ns  (required time - arrival time)
  Source:                 ticker/count_reg[1]/C
                            (rising edge-triggered cell FDRE clocked by sys_clk_pin  {rise@0.000ns fall@5.000ns period=10.000ns})
  Destination:            ticker/count_reg[24]/D
                            (rising edge-triggered cell FDRE clocked by sys_clk_pin  {rise@0.000ns fall@5.000ns period=10.000ns})
  Path Group:             sys_clk_pin
  Path Type:              Setup (Max at Slow Process Corner)
  Requirement:            10.000ns  (sys_clk_pin rise@10.000ns - sys_clk_pin rise@0.000ns)
  Data Path Delay:        3.881ns  (logic 2.408ns (62.047%)  route 1.473ns (37.953%))
  Logic Levels:           7  (CARRY4=6 LUT2=1)
  Clock Path Skew:        -0.020ns (DCD - SCD + CPR)
    Destination Clock Delay (DCD):    4.854ns = ( 14.854 - 10.000 ) 
    Source Clock Delay      (SCD):    5.147ns
    Clock Pessimism Removal (CPR):    0.273ns
  Clock Uncertainty:      0.035ns  ((TSJ^2 + TIJ^2)^1/2 + DJ) / 2 + PE
    Total System Jitter     (TSJ):    0.071ns
    Total Input Jitter      (TIJ):    0.000ns
    Discrete Jitter          (DJ):    0.000ns
    Phase Error              (PE):    0.000ns

    Location             Delay type                Incr(ns)  Path(ns)    Netlist Resource(s)
  -------------------------------------------------------------------    -------------------
                         (clock sys_clk_pin rise edge)
                                                      0.000     0.000 r  
    W5                                                0.000     0.000 r  clk (IN)
                         net (fo=0)                   0.000     0.000    clk
    W5                   IBUF (Prop_ibuf_I_O)         1.458     1.458 r  clk_IBUF_inst/O
                         net (fo=1, routed)           1.967     3.425    clk_IBUF
    BUFGCTRL_X0Y0        BUFG (Prop_bufg_I_O)         0.096     3.521 r  clk_IBUF_BUFG_inst/O
                         net (fo=43, routed)          1.626     5.147    ticker/clk_IBUF_BUFG
    SLICE_X6Y32          FDRE                                         r  ticker/count_reg[1]/C
  -------------------------------------------------------------------    -------------------
    SLICE_X6Y32          FDRE (Prop_fdre_C_Q)         0.478     5.625 r  ticker/count_reg[1]/Q
                         net (fo=2, routed)           0.811     6.436    ticker/count[1]
    SLICE_X5Y32          CARRY4 (Prop_carry4_S[0]_CO[3])
                                                      0.827     7.263 r  ticker/count0_carry/CO[3]
                         net (fo=1, routed)           0.000     7.263    ticker/count0_carry_n_0
    SLICE_X5Y33          CARRY4 (Prop_carry4_CI_CO[3])
                                                      0.114     7.377 r  ticker/count0_carry__0/CO[3]
                         net (fo=1, routed)           0.000     7.377    ticker/count0_carry__0_n_0
    SLICE_X5Y34          CARRY4 (Prop_carry4_CI_CO[3])
                                                      0.114     7.491 r  ticker/count0_carry__1/CO[3]
                         net (fo=1, routed)           0.000     7.491    ticker/count0_carry__1_n_0
    SLICE_X5Y35          CARRY4 (Prop_carry4_CI_CO[3])
                                                      0.114     7.605 r  ticker/count0_carry__2/CO[3]
                         net (fo=1, routed)           0.000     7.605    ticker/count0_carry__2_n_0
    SLICE_X5Y36          CARRY4 (Prop_carry4_CI_CO[3])
                                                      0.114     7.719 r  ticker/count0_carry__3/CO[3]
                         net (fo=1, routed)           0.000     7.719    ticker/count0_carry__3_n_0
    SLICE_X5Y37          CARRY4 (Prop_carry4_CI_O[3])
                                                      0.313     8.032 r  ticker/count0_carry__4/O[3]
                         net (fo=1, routed)           0.662     8.694    ticker/count0_carry__4_n_4
    SLICE_X4Y37          LUT2 (Prop_lut2_I1_O)        0.334     9.028 r  ticker/count[24]_i_1/O
                         net (fo=1, routed)           0.000     9.028    ticker/count_0[24]
    SLICE_X4Y37          FDRE                                         r  ticker/count_reg[24]/D
  -------------------------------------------------------------------    -------------------

                         (clock sys_clk_pin rise edge)
                                                     10.000    10.000 r  
    W5                                                0.000    10.000 r  clk (IN)
                         net (fo=0)                   0.000    10.000    clk
    W5                   IBUF (Prop_ibuf_I_O)         1.388    11.388 r  clk_IBUF_inst/O
                         net (fo=1, routed)           1.862    13.250    clk_IBUF
    BUFGCTRL_X0Y0        BUFG (Prop_bufg_I_O)         0.091    13.341 r  clk_IBUF_BUFG_inst/O
                         net (fo=43, routed)          1.513    14.854    ticker/clk_IBUF_BUFG
    SLICE_X4Y37          FDRE                                         r  ticker/count_reg[24]/C
                         clock pessimism              0.273    15.127    
                         clock uncertainty           -0.035    15.092    
    SLICE_X4Y37          FDRE (Setup_fdre_C_D)        0.075    15.167    ticker/count_reg[24]
  -------------------------------------------------------------------
                         required time                         15.167    
                         arrival time                          -9.028    
  -------------------------------------------------------------------
                         slack                                  6.139    

Slack (MET) :             6.189ns  (required time - arrival time)
  Source:                 ticker/count_reg[1]/C
                            (rising edge-triggered cell FDRE clocked by sys_clk_pin  {rise@0.000ns fall@5.000ns period=10.000ns})
  Destination:            ticker/count_reg[14]/D
                            (rising edge-triggered cell FDRE clocked by sys_clk_pin  {rise@0.000ns fall@5.000ns period=10.000ns})
  Path Group:             sys_clk_pin
  Path Type:              Setup (Max at Slow Process Corner)
  Requirement:            10.000ns  (sys_clk_pin rise@10.000ns - sys_clk_pin rise@0.000ns)
  Data Path Delay:        3.786ns  (logic 2.170ns (57.321%)  route 1.616ns (42.679%))
  Logic Levels:           5  (CARRY4=4 LUT2=1)
  Clock Path Skew:        -0.021ns (DCD - SCD + CPR)
    Destination Clock Delay (DCD):    4.853ns = ( 14.853 - 10.000 ) 
    Source Clock Delay      (SCD):    5.147ns
    Clock Pessimism Removal (CPR):    0.273ns
  Clock Uncertainty:      0.035ns  ((TSJ^2 + TIJ^2)^1/2 + DJ) / 2 + PE
    Total System Jitter     (TSJ):    0.071ns
    Total Input Jitter      (TIJ):    0.000ns
    Discrete Jitter          (DJ):    0.000ns
    Phase Error              (PE):    0.000ns

    Location             Delay type                Incr(ns)  Path(ns)    Netlist Resource(s)
  -------------------------------------------------------------------    -------------------
                         (clock sys_clk_pin rise edge)
                                                      0.000     0.000 r  
    W5                                                0.000     0.000 r  clk (IN)
                         net (fo=0)                   0.000     0.000    clk
    W5                   IBUF (Prop_ibuf_I_O)         1.458     1.458 r  clk_IBUF_inst/O
                         net (fo=1, routed)           1.967     3.425    clk_IBUF
    BUFGCTRL_X0Y0        BUFG (Prop_bufg_I_O)         0.096     3.521 r  clk_IBUF_BUFG_inst/O
                         net (fo=43, routed)          1.626     5.147    ticker/clk_IBUF_BUFG
    SLICE_X6Y32          FDRE                                         r  ticker/count_reg[1]/C
  -------------------------------------------------------------------    -------------------
    SLICE_X6Y32          FDRE (Prop_fdre_C_Q)         0.478     5.625 r  ticker/count_reg[1]/Q
                         net (fo=2, routed)           0.811     6.436    ticker/count[1]
    SLICE_X5Y32          CARRY4 (Prop_carry4_S[0]_CO[3])
                                                      0.827     7.263 r  ticker/count0_carry/CO[3]
                         net (fo=1, routed)           0.000     7.263    ticker/count0_carry_n_0
    SLICE_X5Y33          CARRY4 (Prop_carry4_CI_CO[3])
                                                      0.114     7.377 r  ticker/count0_carry__0/CO[3]
                         net (fo=1, routed)           0.000     7.377    ticker/count0_carry__0_n_0
    SLICE_X5Y34          CARRY4 (Prop_carry4_CI_CO[3])
                                                      0.114     7.491 r  ticker/count0_carry__1/CO[3]
                         net (fo=1, routed)           0.000     7.491    ticker/count0_carry__1_n_0
    SLICE_X5Y35          CARRY4 (Prop_carry4_CI_O[1])
                                                      0.334     7.825 r  ticker/count0_carry__2/O[1]
                         net (fo=1, routed)           0.805     8.630    ticker/count0_carry__2_n_6
    SLICE_X4Y35          LUT2 (Prop_lut2_I1_O)        0.303     8.933 r  ticker/count[14]_i_1/O
                         net (fo=1, routed)           0.000     8.933    ticker/count_0[14]
    SLICE_X4Y35          FDRE                                         r  ticker/count_reg[14]/D
  -------------------------------------------------------------------    -------------------

                         (clock sys_clk_pin rise edge)
                                                     10.000    10.000 r  
    W5                                                0.000    10.000 r  clk (IN)
                         net (fo=0)                   0.000    10.000    clk
    W5                   IBUF (Prop_ibuf_I_O)         1.388    11.388 r  clk_IBUF_inst/O
                         net (fo=1, routed)           1.862    13.250    clk_IBUF
    BUFGCTRL_X0Y0        BUFG (Prop_bufg_I_O)         0.091    13.341 r  clk_IBUF_BUFG_inst/O
                         net (fo=43, routed)          1.512    14.853    ticker/clk_IBUF_BUFG
    SLICE_X4Y35          FDRE                                         r  ticker/count_reg[14]/C
                         clock pessimism              0.273    15.126    
                         clock uncertainty           -0.035    15.091    
    SLICE_X4Y35          FDRE (Setup_fdre_C_D)        0.031    15.122    ticker/count_reg[14]
  -------------------------------------------------------------------
                         required time                         15.122    
                         arrival time                          -8.933    
  -------------------------------------------------------------------
                         slack                                  6.189    

Slack (MET) :             6.191ns  (required time - arrival time)
  Source:                 ticker/count_reg[1]/C
                            (rising edge-triggered cell FDRE clocked by sys_clk_pin  {rise@0.000ns fall@5.000ns period=10.000ns})
  Destination:            ticker/count_reg[17]/D
                            (rising edge-triggered cell FDRE clocked by sys_clk_pin  {rise@0.000ns fall@5.000ns period=10.000ns})
  Path Group:             sys_clk_pin
  Path Type:              Setup (Max at Slow Process Corner)
  Requirement:            10.000ns  (sys_clk_pin rise@10.000ns - sys_clk_pin rise@0.000ns)
  Data Path Delay:        3.828ns  (logic 2.196ns (57.369%)  route 1.632ns (42.631%))
  Logic Levels:           6  (CARRY4=5 LUT2=1)
  Clock Path Skew:        -0.021ns (DCD - SCD + CPR)
    Destination Clock Delay (DCD):    4.853ns = ( 14.853 - 10.000 ) 
    Source Clock Delay      (SCD):    5.147ns
    Clock Pessimism Removal (CPR):    0.273ns
  Clock Uncertainty:      0.035ns  ((TSJ^2 + TIJ^2)^1/2 + DJ) / 2 + PE
    Total System Jitter     (TSJ):    0.071ns
    Total Input Jitter      (TIJ):    0.000ns
    Discrete Jitter          (DJ):    0.000ns
    Phase Error              (PE):    0.000ns

    Location             Delay type                Incr(ns)  Path(ns)    Netlist Resource(s)
  -------------------------------------------------------------------    -------------------
                         (clock sys_clk_pin rise edge)
                                                      0.000     0.000 r  
    W5                                                0.000     0.000 r  clk (IN)
                         net (fo=0)                   0.000     0.000    clk
    W5                   IBUF (Prop_ibuf_I_O)         1.458     1.458 r  clk_IBUF_inst/O
                         net (fo=1, routed)           1.967     3.425    clk_IBUF
    BUFGCTRL_X0Y0        BUFG (Prop_bufg_I_O)         0.096     3.521 r  clk_IBUF_BUFG_inst/O
                         net (fo=43, routed)          1.626     5.147    ticker/clk_IBUF_BUFG
    SLICE_X6Y32          FDRE                                         r  ticker/count_reg[1]/C
  -------------------------------------------------------------------    -------------------
    SLICE_X6Y32          FDRE (Prop_fdre_C_Q)         0.478     5.625 r  ticker/count_reg[1]/Q
                         net (fo=2, routed)           0.811     6.436    ticker/count[1]
    SLICE_X5Y32          CARRY4 (Prop_carry4_S[0]_CO[3])
                                                      0.827     7.263 r  ticker/count0_carry/CO[3]
                         net (fo=1, routed)           0.000     7.263    ticker/count0_carry_n_0
    SLICE_X5Y33          CARRY4 (Prop_carry4_CI_CO[3])
                                                      0.114     7.377 r  ticker/count0_carry__0/CO[3]
                         net (fo=1, routed)           0.000     7.377    ticker/count0_carry__0_n_0
    SLICE_X5Y34          CARRY4 (Prop_carry4_CI_CO[3])
                                                      0.114     7.491 r  ticker/count0_carry__1/CO[3]
                         net (fo=1, routed)           0.000     7.491    ticker/count0_carry__1_n_0
    SLICE_X5Y35          CARRY4 (Prop_carry4_CI_CO[3])
                                                      0.114     7.605 r  ticker/count0_carry__2/CO[3]
                         net (fo=1, routed)           0.000     7.605    ticker/count0_carry__2_n_0
    SLICE_X5Y36          CARRY4 (Prop_carry4_CI_O[0])
                                                      0.222     7.827 r  ticker/count0_carry__3/O[0]
                         net (fo=1, routed)           0.821     8.648    ticker/count0_carry__3_n_7
    SLICE_X4Y35          LUT2 (Prop_lut2_I1_O)        0.327     8.975 r  ticker/count[17]_i_1/O
                         net (fo=1, routed)           0.000     8.975    ticker/count_0[17]
    SLICE_X4Y35          FDRE                                         r  ticker/count_reg[17]/D
  -------------------------------------------------------------------    -------------------

                         (clock sys_clk_pin rise edge)
                                                     10.000    10.000 r  
    W5                                                0.000    10.000 r  clk (IN)
                         net (fo=0)                   0.000    10.000    clk
    W5                   IBUF (Prop_ibuf_I_O)         1.388    11.388 r  clk_IBUF_inst/O
                         net (fo=1, routed)           1.862    13.250    clk_IBUF
    BUFGCTRL_X0Y0        BUFG (Prop_bufg_I_O)         0.091    13.341 r  clk_IBUF_BUFG_inst/O
                         net (fo=43, routed)          1.512    14.853    ticker/clk_IBUF_BUFG
    SLICE_X4Y35          FDRE                                         r  ticker/count_reg[17]/C
                         clock pessimism              0.273    15.126    
                         clock uncertainty           -0.035    15.091    
    SLICE_X4Y35          FDRE (Setup_fdre_C_D)        0.075    15.166    ticker/count_reg[17]
  -------------------------------------------------------------------
                         required time                         15.166    
                         arrival time                          -8.975    
  -------------------------------------------------------------------
                         slack                                  6.191    

Slack (MET) :             6.252ns  (required time - arrival time)
  Source:                 ticker/count_reg[1]/C
                            (rising edge-triggered cell FDRE clocked by sys_clk_pin  {rise@0.000ns fall@5.000ns period=10.000ns})
  Destination:            ticker/count_reg[20]/D
                            (rising edge-triggered cell FDRE clocked by sys_clk_pin  {rise@0.000ns fall@5.000ns period=10.000ns})
  Path Group:             sys_clk_pin
  Path Type:              Setup (Max at Slow Process Corner)
  Requirement:            10.000ns  (sys_clk_pin rise@10.000ns - sys_clk_pin rise@0.000ns)
  Data Path Delay:        3.767ns  (logic 2.294ns (60.898%)  route 1.473ns (39.102%))
  Logic Levels:           6  (CARRY4=5 LUT2=1)
  Clock Path Skew:        -0.021ns (DCD - SCD + CPR)
    Destination Clock Delay (DCD):    4.853ns = ( 14.853 - 10.000 ) 
    Source Clock Delay      (SCD):    5.147ns
    Clock Pessimism Removal (CPR):    0.273ns
  Clock Uncertainty:      0.035ns  ((TSJ^2 + TIJ^2)^1/2 + DJ) / 2 + PE
    Total System Jitter     (TSJ):    0.071ns
    Total Input Jitter      (TIJ):    0.000ns
    Discrete Jitter          (DJ):    0.000ns
    Phase Error              (PE):    0.000ns

    Location             Delay type                Incr(ns)  Path(ns)    Netlist Resource(s)
  -------------------------------------------------------------------    -------------------
                         (clock sys_clk_pin rise edge)
                                                      0.000     0.000 r  
    W5                                                0.000     0.000 r  clk (IN)
                         net (fo=0)                   0.000     0.000    clk
    W5                   IBUF (Prop_ibuf_I_O)         1.458     1.458 r  clk_IBUF_inst/O
                         net (fo=1, routed)           1.967     3.425    clk_IBUF
    BUFGCTRL_X0Y0        BUFG (Prop_bufg_I_O)         0.096     3.521 r  clk_IBUF_BUFG_inst/O
                         net (fo=43, routed)          1.626     5.147    ticker/clk_IBUF_BUFG
    SLICE_X6Y32          FDRE                                         r  ticker/count_reg[1]/C
  -------------------------------------------------------------------    -------------------
    SLICE_X6Y32          FDRE (Prop_fdre_C_Q)         0.478     5.625 r  ticker/count_reg[1]/Q
                         net (fo=2, routed)           0.811     6.436    ticker/count[1]
    SLICE_X5Y32          CARRY4 (Prop_carry4_S[0]_CO[3])
                                                      0.827     7.263 r  ticker/count0_carry/CO[3]
                         net (fo=1, routed)           0.000     7.263    ticker/count0_carry_n_0
    SLICE_X5Y33          CARRY4 (Prop_carry4_CI_CO[3])
                                                      0.114     7.377 r  ticker/count0_carry__0/CO[3]
                         net (fo=1, routed)           0.000     7.377    ticker/count0_carry__0_n_0
    SLICE_X5Y34          CARRY4 (Prop_carry4_CI_CO[3])
                                                      0.114     7.491 r  ticker/count0_carry__1/CO[3]
                         net (fo=1, routed)           0.000     7.491    ticker/count0_carry__1_n_0
    SLICE_X5Y35          CARRY4 (Prop_carry4_CI_CO[3])
                                                      0.114     7.605 r  ticker/count0_carry__2/CO[3]
                         net (fo=1, routed)           0.000     7.605    ticker/count0_carry__2_n_0
    SLICE_X5Y36          CARRY4 (Prop_carry4_CI_O[3])
                                                      0.313     7.918 r  ticker/count0_carry__3/O[3]
                         net (fo=1, routed)           0.662     8.580    ticker/count0_carry__3_n_4
    SLICE_X4Y36          LUT2 (Prop_lut2_I1_O)        0.334     8.914 r  ticker/count[20]_i_1/O
                         net (fo=1, routed)           0.000     8.914    ticker/count_0[20]
    SLICE_X4Y36          FDRE                                         r  ticker/count_reg[20]/D
  -------------------------------------------------------------------    -------------------

                         (clock sys_clk_pin rise edge)
                                                     10.000    10.000 r  
    W5                                                0.000    10.000 r  clk (IN)
                         net (fo=0)                   0.000    10.000    clk
    W5                   IBUF (Prop_ibuf_I_O)         1.388    11.388 r  clk_IBUF_inst/O
                         net (fo=1, routed)           1.862    13.250    clk_IBUF
    BUFGCTRL_X0Y0        BUFG (Prop_bufg_I_O)         0.091    13.341 r  clk_IBUF_BUFG_inst/O
                         net (fo=43, routed)          1.512    14.853    ticker/clk_IBUF_BUFG
    SLICE_X4Y36          FDRE                                         r  ticker/count_reg[20]/C
                         clock pessimism              0.273    15.126    
                         clock uncertainty           -0.035    15.091    
    SLICE_X4Y36          FDRE (Setup_fdre_C_D)        0.075    15.166    ticker/count_reg[20]
  -------------------------------------------------------------------
                         required time                         15.166    
                         arrival time                          -8.914    
  -------------------------------------------------------------------
                         slack                                  6.252    

Slack (MET) :             6.259ns  (required time - arrival time)
  Source:                 ticker/count_reg[1]/C
                            (rising edge-triggered cell FDRE clocked by sys_clk_pin  {rise@0.000ns fall@5.000ns period=10.000ns})
  Destination:            ticker/count_reg[13]/D
                            (rising edge-triggered cell FDRE clocked by sys_clk_pin  {rise@0.000ns fall@5.000ns period=10.000ns})
  Path Group:             sys_clk_pin
  Path Type:              Setup (Max at Slow Process Corner)
  Requirement:            10.000ns  (sys_clk_pin rise@10.000ns - sys_clk_pin rise@0.000ns)
  Data Path Delay:        3.760ns  (logic 2.082ns (55.374%)  route 1.678ns (44.626%))
  Logic Levels:           5  (CARRY4=4 LUT2=1)
  Clock Path Skew:        -0.021ns (DCD - SCD + CPR)
    Destination Clock Delay (DCD):    4.853ns = ( 14.853 - 10.000 ) 
    Source Clock Delay      (SCD):    5.147ns
    Clock Pessimism Removal (CPR):    0.273ns
  Clock Uncertainty:      0.035ns  ((TSJ^2 + TIJ^2)^1/2 + DJ) / 2 + PE
    Total System Jitter     (TSJ):    0.071ns
    Total Input Jitter      (TIJ):    0.000ns
    Discrete Jitter          (DJ):    0.000ns
    Phase Error              (PE):    0.000ns

    Location             Delay type                Incr(ns)  Path(ns)    Netlist Resource(s)
  -------------------------------------------------------------------    -------------------
                         (clock sys_clk_pin rise edge)
                                                      0.000     0.000 r  
    W5                                                0.000     0.000 r  clk (IN)
                         net (fo=0)                   0.000     0.000    clk
    W5                   IBUF (Prop_ibuf_I_O)         1.458     1.458 r  clk_IBUF_inst/O
                         net (fo=1, routed)           1.967     3.425    clk_IBUF
    BUFGCTRL_X0Y0        BUFG (Prop_bufg_I_O)         0.096     3.521 r  clk_IBUF_BUFG_inst/O
                         net (fo=43, routed)          1.626     5.147    ticker/clk_IBUF_BUFG
    SLICE_X6Y32          FDRE                                         r  ticker/count_reg[1]/C
  -------------------------------------------------------------------    -------------------
    SLICE_X6Y32          FDRE (Prop_fdre_C_Q)         0.478     5.625 r  ticker/count_reg[1]/Q
                         net (fo=2, routed)           0.811     6.436    ticker/count[1]
    SLICE_X5Y32          CARRY4 (Prop_carry4_S[0]_CO[3])
                                                      0.827     7.263 r  ticker/count0_carry/CO[3]
                         net (fo=1, routed)           0.000     7.263    ticker/count0_carry_n_0
    SLICE_X5Y33          CARRY4 (Prop_carry4_CI_CO[3])
                                                      0.114     7.377 r  ticker/count0_carry__0/CO[3]
                         net (fo=1, routed)           0.000     7.377    ticker/count0_carry__0_n_0
    SLICE_X5Y34          CARRY4 (Prop_carry4_CI_CO[3])
                                                      0.114     7.491 r  ticker/count0_carry__1/CO[3]
                         net (fo=1, routed)           0.000     7.491    ticker/count0_carry__1_n_0
    SLICE_X5Y35          CARRY4 (Prop_carry4_CI_O[0])
                                                      0.222     7.713 r  ticker/count0_carry__2/O[0]
                         net (fo=1, routed)           0.867     8.580    ticker/count0_carry__2_n_7
    SLICE_X4Y35          LUT2 (Prop_lut2_I1_O)        0.327     8.907 r  ticker/count[13]_i_1/O
                         net (fo=1, routed)           0.000     8.907    ticker/count_0[13]
    SLICE_X4Y35          FDRE                                         r  ticker/count_reg[13]/D
  -------------------------------------------------------------------    -------------------

                         (clock sys_clk_pin rise edge)
                                                     10.000    10.000 r  
    W5                                                0.000    10.000 r  clk (IN)
                         net (fo=0)                   0.000    10.000    clk
    W5                   IBUF (Prop_ibuf_I_O)         1.388    11.388 r  clk_IBUF_inst/O
                         net (fo=1, routed)           1.862    13.250    clk_IBUF
    BUFGCTRL_X0Y0        BUFG (Prop_bufg_I_O)         0.091    13.341 r  clk_IBUF_BUFG_inst/O
                         net (fo=43, routed)          1.512    14.853    ticker/clk_IBUF_BUFG
    SLICE_X4Y35          FDRE                                         r  ticker/count_reg[13]/C
                         clock pessimism              0.273    15.126    
                         clock uncertainty           -0.035    15.091    
    SLICE_X4Y35          FDRE (Setup_fdre_C_D)        0.075    15.166    ticker/count_reg[13]
  -------------------------------------------------------------------
                         required time                         15.166    
                         arrival time                          -8.907    
  -------------------------------------------------------------------
                         slack                                  6.259    

Slack (MET) :             6.282ns  (required time - arrival time)
  Source:                 ticker/count_reg[1]/C
                            (rising edge-triggered cell FDRE clocked by sys_clk_pin  {rise@0.000ns fall@5.000ns period=10.000ns})
  Destination:            ticker/count_reg[15]/D
                            (rising edge-triggered cell FDRE clocked by sys_clk_pin  {rise@0.000ns fall@5.000ns period=10.000ns})
  Path Group:             sys_clk_pin
  Path Type:              Setup (Max at Slow Process Corner)
  Requirement:            10.000ns  (sys_clk_pin rise@10.000ns - sys_clk_pin rise@0.000ns)
  Data Path Delay:        3.693ns  (logic 2.074ns (56.160%)  route 1.619ns (43.840%))
  Logic Levels:           5  (CARRY4=4 LUT2=1)
  Clock Path Skew:        -0.021ns (DCD - SCD + CPR)
    Destination Clock Delay (DCD):    4.853ns = ( 14.853 - 10.000 ) 
    Source Clock Delay      (SCD):    5.147ns
    Clock Pessimism Removal (CPR):    0.273ns
  Clock Uncertainty:      0.035ns  ((TSJ^2 + TIJ^2)^1/2 + DJ) / 2 + PE
    Total System Jitter     (TSJ):    0.071ns
    Total Input Jitter      (TIJ):    0.000ns
    Discrete Jitter          (DJ):    0.000ns
    Phase Error              (PE):    0.000ns

    Location             Delay type                Incr(ns)  Path(ns)    Netlist Resource(s)
  -------------------------------------------------------------------    -------------------
                         (clock sys_clk_pin rise edge)
                                                      0.000     0.000 r  
    W5                                                0.000     0.000 r  clk (IN)
                         net (fo=0)                   0.000     0.000    clk
    W5                   IBUF (Prop_ibuf_I_O)         1.458     1.458 r  clk_IBUF_inst/O
                         net (fo=1, routed)           1.967     3.425    clk_IBUF
    BUFGCTRL_X0Y0        BUFG (Prop_bufg_I_O)         0.096     3.521 r  clk_IBUF_BUFG_inst/O
                         net (fo=43, routed)          1.626     5.147    ticker/clk_IBUF_BUFG
    SLICE_X6Y32          FDRE                                         r  ticker/count_reg[1]/C
  -------------------------------------------------------------------    -------------------
    SLICE_X6Y32          FDRE (Prop_fdre_C_Q)         0.478     5.625 r  ticker/count_reg[1]/Q
                         net (fo=2, routed)           0.811     6.436    ticker/count[1]
    SLICE_X5Y32          CARRY4 (Prop_carry4_S[0]_CO[3])
                                                      0.827     7.263 r  ticker/count0_carry/CO[3]
                         net (fo=1, routed)           0.000     7.263    ticker/count0_carry_n_0
    SLICE_X5Y33          CARRY4 (Prop_carry4_CI_CO[3])
                                                      0.114     7.377 r  ticker/count0_carry__0/CO[3]
                         net (fo=1, routed)           0.000     7.377    ticker/count0_carry__0_n_0
    SLICE_X5Y34          CARRY4 (Prop_carry4_CI_CO[3])
                                                      0.114     7.491 r  ticker/count0_carry__1/CO[3]
                         net (fo=1, routed)           0.000     7.491    ticker/count0_carry__1_n_0
    SLICE_X5Y35          CARRY4 (Prop_carry4_CI_O[2])
                                                      0.239     7.730 r  ticker/count0_carry__2/O[2]
                         net (fo=1, routed)           0.808     8.538    ticker/count0_carry__2_n_5
    SLICE_X4Y35          LUT2 (Prop_lut2_I1_O)        0.302     8.840 r  ticker/count[15]_i_1/O
                         net (fo=1, routed)           0.000     8.840    ticker/count_0[15]
    SLICE_X4Y35          FDRE                                         r  ticker/count_reg[15]/D
  -------------------------------------------------------------------    -------------------

                         (clock sys_clk_pin rise edge)
                                                     10.000    10.000 r  
    W5                                                0.000    10.000 r  clk (IN)
                         net (fo=0)                   0.000    10.000    clk
    W5                   IBUF (Prop_ibuf_I_O)         1.388    11.388 r  clk_IBUF_inst/O
                         net (fo=1, routed)           1.862    13.250    clk_IBUF
    BUFGCTRL_X0Y0        BUFG (Prop_bufg_I_O)         0.091    13.341 r  clk_IBUF_BUFG_inst/O
                         net (fo=43, routed)          1.512    14.853    ticker/clk_IBUF_BUFG
    SLICE_X4Y35          FDRE                                         r  ticker/count_reg[15]/C
                         clock pessimism              0.273    15.126    
                         clock uncertainty           -0.035    15.091    
    SLICE_X4Y35          FDRE (Setup_fdre_C_D)        0.031    15.122    ticker/count_reg[15]
  -------------------------------------------------------------------
                         required time                         15.122    
                         arrival time                          -8.840    
  -------------------------------------------------------------------
                         slack                                  6.282    





Min Delay Paths
--------------------------------------------------------------------------------------
Slack (MET) :             0.276ns  (arrival time - required time)
  Source:                 ticker/clk_out_reg/C
                            (rising edge-triggered cell FDRE clocked by sys_clk_pin  {rise@0.000ns fall@5.000ns period=10.000ns})
  Destination:            ticker/clk_out_reg/D
                            (rising edge-triggered cell FDRE clocked by sys_clk_pin  {rise@0.000ns fall@5.000ns period=10.000ns})
  Path Group:             sys_clk_pin
  Path Type:              Hold (Min at Fast Process Corner)
  Requirement:            0.000ns  (sys_clk_pin rise@0.000ns - sys_clk_pin rise@0.000ns)
  Data Path Delay:        0.396ns  (logic 0.209ns (52.720%)  route 0.187ns (47.280%))
  Logic Levels:           1  (LUT2=1)
  Clock Path Skew:        0.000ns (DCD - SCD - CPR)
    Destination Clock Delay (DCD):    1.983ns
    Source Clock Delay      (SCD):    1.470ns
    Clock Pessimism Removal (CPR):    0.513ns

    Location             Delay type                Incr(ns)  Path(ns)    Netlist Resource(s)
  -------------------------------------------------------------------    -------------------
                         (clock sys_clk_pin rise edge)
                                                      0.000     0.000 r  
    W5                                                0.000     0.000 r  clk (IN)
                         net (fo=0)                   0.000     0.000    clk
    W5                   IBUF (Prop_ibuf_I_O)         0.226     0.226 r  clk_IBUF_inst/O
                         net (fo=1, routed)           0.631     0.858    clk_IBUF
    BUFGCTRL_X0Y0        BUFG (Prop_bufg_I_O)         0.026     0.884 r  clk_IBUF_BUFG_inst/O
                         net (fo=43, routed)          0.587     1.470    ticker/clk_IBUF_BUFG
    SLICE_X6Y32          FDRE                                         r  ticker/clk_out_reg/C
  -------------------------------------------------------------------    -------------------
    SLICE_X6Y32          FDRE (Prop_fdre_C_Q)         0.164     1.634 r  ticker/clk_out_reg/Q
                         net (fo=14, routed)          0.187     1.822    ticker/clk_out
    SLICE_X6Y32          LUT2 (Prop_lut2_I1_O)        0.045     1.867 r  ticker/clk_out_i_1/O
                         net (fo=1, routed)           0.000     1.867    ticker/clk_out_i_1_n_0
    SLICE_X6Y32          FDRE                                         r  ticker/clk_out_reg/D
  -------------------------------------------------------------------    -------------------

                         (clock sys_clk_pin rise edge)
                                                      0.000     0.000 r  
    W5                                                0.000     0.000 r  clk (IN)
                         net (fo=0)                   0.000     0.000    clk
    W5                   IBUF (Prop_ibuf_I_O)         0.414     0.414 r  clk_IBUF_inst/O
                         net (fo=1, routed)           0.685     1.099    clk_IBUF
    BUFGCTRL_X0Y0        BUFG (Prop_bufg_I_O)         0.029     1.128 r  clk_IBUF_BUFG_inst/O
                         net (fo=43, routed)          0.856     1.983    ticker/clk_IBUF_BUFG
    SLICE_X6Y32          FDRE                                         r  ticker/clk_out_reg/C
                         clock pessimism             -0.513     1.470    
    SLICE_X6Y32          FDRE (Hold_fdre_C_D)         0.120     1.590    ticker/clk_out_reg
  -------------------------------------------------------------------
                         required time                         -1.590    
                         arrival time                           1.867    
  -------------------------------------------------------------------
                         slack                                  0.276    

Slack (MET) :             0.350ns  (arrival time - required time)
  Source:                 ticker/count_reg[0]/C
                            (rising edge-triggered cell FDRE clocked by sys_clk_pin  {rise@0.000ns fall@5.000ns period=10.000ns})
  Destination:            ticker/count_reg[0]/D
                            (rising edge-triggered cell FDRE clocked by sys_clk_pin  {rise@0.000ns fall@5.000ns period=10.000ns})
  Path Group:             sys_clk_pin
  Path Type:              Hold (Min at Fast Process Corner)
  Requirement:            0.000ns  (sys_clk_pin rise@0.000ns - sys_clk_pin rise@0.000ns)
  Data Path Delay:        0.442ns  (logic 0.186ns (42.100%)  route 0.256ns (57.900%))
  Logic Levels:           1  (LUT1=1)
  Clock Path Skew:        0.000ns (DCD - SCD - CPR)
    Destination Clock Delay (DCD):    1.987ns
    Source Clock Delay      (SCD):    1.473ns
    Clock Pessimism Removal (CPR):    0.514ns

    Location             Delay type                Incr(ns)  Path(ns)    Netlist Resource(s)
  -------------------------------------------------------------------    -------------------
                         (clock sys_clk_pin rise edge)
                                                      0.000     0.000 r  
    W5                                                0.000     0.000 r  clk (IN)
                         net (fo=0)                   0.000     0.000    clk
    W5                   IBUF (Prop_ibuf_I_O)         0.226     0.226 r  clk_IBUF_inst/O
                         net (fo=1, routed)           0.631     0.858    clk_IBUF
    BUFGCTRL_X0Y0        BUFG (Prop_bufg_I_O)         0.026     0.884 r  clk_IBUF_BUFG_inst/O
                         net (fo=43, routed)          0.590     1.473    ticker/clk_IBUF_BUFG
    SLICE_X4Y37          FDRE                                         r  ticker/count_reg[0]/C
  -------------------------------------------------------------------    -------------------
    SLICE_X4Y37          FDRE (Prop_fdre_C_Q)         0.141     1.614 f  ticker/count_reg[0]/Q
                         net (fo=3, routed)           0.256     1.870    ticker/count[0]
    SLICE_X4Y37          LUT1 (Prop_lut1_I0_O)        0.045     1.915 r  ticker/count[0]_i_1/O
                         net (fo=1, routed)           0.000     1.915    ticker/count_0[0]
    SLICE_X4Y37          FDRE                                         r  ticker/count_reg[0]/D
  -------------------------------------------------------------------    -------------------

                         (clock sys_clk_pin rise edge)
                                                      0.000     0.000 r  
    W5                                                0.000     0.000 r  clk (IN)
                         net (fo=0)                   0.000     0.000    clk
    W5                   IBUF (Prop_ibuf_I_O)         0.414     0.414 r  clk_IBUF_inst/O
                         net (fo=1, routed)           0.685     1.099    clk_IBUF
    BUFGCTRL_X0Y0        BUFG (Prop_bufg_I_O)         0.029     1.128 r  clk_IBUF_BUFG_inst/O
                         net (fo=43, routed)          0.860     1.987    ticker/clk_IBUF_BUFG
    SLICE_X4Y37          FDRE                                         r  ticker/count_reg[0]/C
                         clock pessimism             -0.514     1.473    
    SLICE_X4Y37          FDRE (Hold_fdre_C_D)         0.092     1.565    ticker/count_reg[0]
  -------------------------------------------------------------------
                         required time                         -1.565    
                         arrival time                           1.915    
  -------------------------------------------------------------------
                         slack                                  0.350    

Slack (MET) :             0.491ns  (arrival time - required time)
  Source:                 ticker/count_reg[23]/C
                            (rising edge-triggered cell FDRE clocked by sys_clk_pin  {rise@0.000ns fall@5.000ns period=10.000ns})
  Destination:            ticker/count_reg[23]/D
                            (rising edge-triggered cell FDRE clocked by sys_clk_pin  {rise@0.000ns fall@5.000ns period=10.000ns})
  Path Group:             sys_clk_pin
  Path Type:              Hold (Min at Fast Process Corner)
  Requirement:            0.000ns  (sys_clk_pin rise@0.000ns - sys_clk_pin rise@0.000ns)
  Data Path Delay:        0.583ns  (logic 0.360ns (61.746%)  route 0.223ns (38.254%))
  Logic Levels:           2  (CARRY4=1 LUT2=1)
  Clock Path Skew:        0.000ns (DCD - SCD - CPR)
    Destination Clock Delay (DCD):    1.987ns
    Source Clock Delay      (SCD):    1.473ns
    Clock Pessimism Removal (CPR):    0.514ns

    Location             Delay type                Incr(ns)  Path(ns)    Netlist Resource(s)
  -------------------------------------------------------------------    -------------------
                         (clock sys_clk_pin rise edge)
                                                      0.000     0.000 r  
    W5                                                0.000     0.000 r  clk (IN)
                         net (fo=0)                   0.000     0.000    clk
    W5                   IBUF (Prop_ibuf_I_O)         0.226     0.226 r  clk_IBUF_inst/O
                         net (fo=1, routed)           0.631     0.858    clk_IBUF
    BUFGCTRL_X0Y0        BUFG (Prop_bufg_I_O)         0.026     0.884 r  clk_IBUF_BUFG_inst/O
                         net (fo=43, routed)          0.590     1.473    ticker/clk_IBUF_BUFG
    SLICE_X4Y37          FDRE                                         r  ticker/count_reg[23]/C
  -------------------------------------------------------------------    -------------------
    SLICE_X4Y37          FDRE (Prop_fdre_C_Q)         0.141     1.614 r  ticker/count_reg[23]/Q
                         net (fo=2, routed)           0.062     1.676    ticker/count[23]
    SLICE_X5Y37          CARRY4 (Prop_carry4_S[2]_O[2])
                                                      0.111     1.787 r  ticker/count0_carry__4/O[2]
                         net (fo=1, routed)           0.161     1.948    ticker/count0_carry__4_n_5
    SLICE_X4Y37          LUT2 (Prop_lut2_I1_O)        0.108     2.056 r  ticker/count[23]_i_1/O
                         net (fo=1, routed)           0.000     2.056    ticker/count_0[23]
    SLICE_X4Y37          FDRE                                         r  ticker/count_reg[23]/D
  -------------------------------------------------------------------    -------------------

                         (clock sys_clk_pin rise edge)
                                                      0.000     0.000 r  
    W5                                                0.000     0.000 r  clk (IN)
                         net (fo=0)                   0.000     0.000    clk
    W5                   IBUF (Prop_ibuf_I_O)         0.414     0.414 r  clk_IBUF_inst/O
                         net (fo=1, routed)           0.685     1.099    clk_IBUF
    BUFGCTRL_X0Y0        BUFG (Prop_bufg_I_O)         0.029     1.128 r  clk_IBUF_BUFG_inst/O
                         net (fo=43, routed)          0.860     1.987    ticker/clk_IBUF_BUFG
    SLICE_X4Y37          FDRE                                         r  ticker/count_reg[23]/C
                         clock pessimism             -0.514     1.473    
    SLICE_X4Y37          FDRE (Hold_fdre_C_D)         0.092     1.565    ticker/count_reg[23]
  -------------------------------------------------------------------
                         required time                         -1.565    
                         arrival time                           2.056    
  -------------------------------------------------------------------
                         slack                                  0.491    

Slack (MET) :             0.491ns  (arrival time - required time)
  Source:                 ticker/count_reg[19]/C
                            (rising edge-triggered cell FDRE clocked by sys_clk_pin  {rise@0.000ns fall@5.000ns period=10.000ns})
  Destination:            ticker/count_reg[19]/D
                            (rising edge-triggered cell FDRE clocked by sys_clk_pin  {rise@0.000ns fall@5.000ns period=10.000ns})
  Path Group:             sys_clk_pin
  Path Type:              Hold (Min at Fast Process Corner)
  Requirement:            0.000ns  (sys_clk_pin rise@0.000ns - sys_clk_pin rise@0.000ns)
  Data Path Delay:        0.583ns  (logic 0.360ns (61.746%)  route 0.223ns (38.254%))
  Logic Levels:           2  (CARRY4=1 LUT2=1)
  Clock Path Skew:        0.000ns (DCD - SCD - CPR)
    Destination Clock Delay (DCD):    1.986ns
    Source Clock Delay      (SCD):    1.472ns
    Clock Pessimism Removal (CPR):    0.514ns

    Location             Delay type                Incr(ns)  Path(ns)    Netlist Resource(s)
  -------------------------------------------------------------------    -------------------
                         (clock sys_clk_pin rise edge)
                                                      0.000     0.000 r  
    W5                                                0.000     0.000 r  clk (IN)
                         net (fo=0)                   0.000     0.000    clk
    W5                   IBUF (Prop_ibuf_I_O)         0.226     0.226 r  clk_IBUF_inst/O
                         net (fo=1, routed)           0.631     0.858    clk_IBUF
    BUFGCTRL_X0Y0        BUFG (Prop_bufg_I_O)         0.026     0.884 r  clk_IBUF_BUFG_inst/O
                         net (fo=43, routed)          0.589     1.472    ticker/clk_IBUF_BUFG
    SLICE_X4Y36          FDRE                                         r  ticker/count_reg[19]/C
  -------------------------------------------------------------------    -------------------
    SLICE_X4Y36          FDRE (Prop_fdre_C_Q)         0.141     1.613 r  ticker/count_reg[19]/Q
                         net (fo=2, routed)           0.062     1.675    ticker/count[19]
    SLICE_X5Y36          CARRY4 (Prop_carry4_S[2]_O[2])
                                                      0.111     1.786 r  ticker/count0_carry__3/O[2]
                         net (fo=1, routed)           0.161     1.947    ticker/count0_carry__3_n_5
    SLICE_X4Y36          LUT2 (Prop_lut2_I1_O)        0.108     2.055 r  ticker/count[19]_i_1/O
                         net (fo=1, routed)           0.000     2.055    ticker/count_0[19]
    SLICE_X4Y36          FDRE                                         r  ticker/count_reg[19]/D
  -------------------------------------------------------------------    -------------------

                         (clock sys_clk_pin rise edge)
                                                      0.000     0.000 r  
    W5                                                0.000     0.000 r  clk (IN)
                         net (fo=0)                   0.000     0.000    clk
    W5                   IBUF (Prop_ibuf_I_O)         0.414     0.414 r  clk_IBUF_inst/O
                         net (fo=1, routed)           0.685     1.099    clk_IBUF
    BUFGCTRL_X0Y0        BUFG (Prop_bufg_I_O)         0.029     1.128 r  clk_IBUF_BUFG_inst/O
                         net (fo=43, routed)          0.859     1.986    ticker/clk_IBUF_BUFG
    SLICE_X4Y36          FDRE                                         r  ticker/count_reg[19]/C
                         clock pessimism             -0.514     1.472    
    SLICE_X4Y36          FDRE (Hold_fdre_C_D)         0.092     1.564    ticker/count_reg[19]
  -------------------------------------------------------------------
                         required time                         -1.564    
                         arrival time                           2.055    
  -------------------------------------------------------------------
                         slack                                  0.491    

Slack (MET) :             0.574ns  (arrival time - required time)
  Source:                 ticker/count_reg[23]/C
                            (rising edge-triggered cell FDRE clocked by sys_clk_pin  {rise@0.000ns fall@5.000ns period=10.000ns})
  Destination:            ticker/count_reg[24]/D
                            (rising edge-triggered cell FDRE clocked by sys_clk_pin  {rise@0.000ns fall@5.000ns period=10.000ns})
  Path Group:             sys_clk_pin
  Path Type:              Hold (Min at Fast Process Corner)
  Requirement:            0.000ns  (sys_clk_pin rise@0.000ns - sys_clk_pin rise@0.000ns)
  Data Path Delay:        0.681ns  (logic 0.393ns (57.733%)  route 0.288ns (42.267%))
  Logic Levels:           2  (CARRY4=1 LUT2=1)
  Clock Path Skew:        0.000ns (DCD - SCD - CPR)
    Destination Clock Delay (DCD):    1.987ns
    Source Clock Delay      (SCD):    1.473ns
    Clock Pessimism Removal (CPR):    0.514ns

    Location             Delay type                Incr(ns)  Path(ns)    Netlist Resource(s)
  -------------------------------------------------------------------    -------------------
                         (clock sys_clk_pin rise edge)
                                                      0.000     0.000 r  
    W5                                                0.000     0.000 r  clk (IN)
                         net (fo=0)                   0.000     0.000    clk
    W5                   IBUF (Prop_ibuf_I_O)         0.226     0.226 r  clk_IBUF_inst/O
                         net (fo=1, routed)           0.631     0.858    clk_IBUF
    BUFGCTRL_X0Y0        BUFG (Prop_bufg_I_O)         0.026     0.884 r  clk_IBUF_BUFG_inst/O
                         net (fo=43, routed)          0.590     1.473    ticker/clk_IBUF_BUFG
    SLICE_X4Y37          FDRE                                         r  ticker/count_reg[23]/C
  -------------------------------------------------------------------    -------------------
    SLICE_X4Y37          FDRE (Prop_fdre_C_Q)         0.141     1.614 r  ticker/count_reg[23]/Q
                         net (fo=2, routed)           0.062     1.676    ticker/count[23]
    SLICE_X5Y37          CARRY4 (Prop_carry4_S[2]_O[3])
                                                      0.144     1.820 r  ticker/count0_carry__4/O[3]
                         net (fo=1, routed)           0.226     2.046    ticker/count0_carry__4_n_4
    SLICE_X4Y37          LUT2 (Prop_lut2_I1_O)        0.108     2.154 r  ticker/count[24]_i_1/O
                         net (fo=1, routed)           0.000     2.154    ticker/count_0[24]
    SLICE_X4Y37          FDRE                                         r  ticker/count_reg[24]/D
  -------------------------------------------------------------------    -------------------

                         (clock sys_clk_pin rise edge)
                                                      0.000     0.000 r  
    W5                                                0.000     0.000 r  clk (IN)
                         net (fo=0)                   0.000     0.000    clk
    W5                   IBUF (Prop_ibuf_I_O)         0.414     0.414 r  clk_IBUF_inst/O
                         net (fo=1, routed)           0.685     1.099    clk_IBUF
    BUFGCTRL_X0Y0        BUFG (Prop_bufg_I_O)         0.029     1.128 r  clk_IBUF_BUFG_inst/O
                         net (fo=43, routed)          0.860     1.987    ticker/clk_IBUF_BUFG
    SLICE_X4Y37          FDRE                                         r  ticker/count_reg[24]/C
                         clock pessimism             -0.514     1.473    
    SLICE_X4Y37          FDRE (Hold_fdre_C_D)         0.107     1.580    ticker/count_reg[24]
  -------------------------------------------------------------------
                         required time                         -1.580    
                         arrival time                           2.154    
  -------------------------------------------------------------------
                         slack                                  0.574    

Slack (MET) :             0.574ns  (arrival time - required time)
  Source:                 ticker/count_reg[19]/C
                            (rising edge-triggered cell FDRE clocked by sys_clk_pin  {rise@0.000ns fall@5.000ns period=10.000ns})
  Destination:            ticker/count_reg[20]/D
                            (rising edge-triggered cell FDRE clocked by sys_clk_pin  {rise@0.000ns fall@5.000ns period=10.000ns})
  Path Group:             sys_clk_pin
  Path Type:              Hold (Min at Fast Process Corner)
  Requirement:            0.000ns  (sys_clk_pin rise@0.000ns - sys_clk_pin rise@0.000ns)
  Data Path Delay:        0.681ns  (logic 0.393ns (57.733%)  route 0.288ns (42.267%))
  Logic Levels:           2  (CARRY4=1 LUT2=1)
  Clock Path Skew:        0.000ns (DCD - SCD - CPR)
    Destination Clock Delay (DCD):    1.986ns
    Source Clock Delay      (SCD):    1.472ns
    Clock Pessimism Removal (CPR):    0.514ns

    Location             Delay type                Incr(ns)  Path(ns)    Netlist Resource(s)
  -------------------------------------------------------------------    -------------------
                         (clock sys_clk_pin rise edge)
                                                      0.000     0.000 r  
    W5                                                0.000     0.000 r  clk (IN)
                         net (fo=0)                   0.000     0.000    clk
    W5                   IBUF (Prop_ibuf_I_O)         0.226     0.226 r  clk_IBUF_inst/O
                         net (fo=1, routed)           0.631     0.858    clk_IBUF
    BUFGCTRL_X0Y0        BUFG (Prop_bufg_I_O)         0.026     0.884 r  clk_IBUF_BUFG_inst/O
                         net (fo=43, routed)          0.589     1.472    ticker/clk_IBUF_BUFG
    SLICE_X4Y36          FDRE                                         r  ticker/count_reg[19]/C
  -------------------------------------------------------------------    -------------------
    SLICE_X4Y36          FDRE (Prop_fdre_C_Q)         0.141     1.613 r  ticker/count_reg[19]/Q
                         net (fo=2, routed)           0.062     1.675    ticker/count[19]
    SLICE_X5Y36          CARRY4 (Prop_carry4_S[2]_O[3])
                                                      0.144     1.819 r  ticker/count0_carry__3/O[3]
                         net (fo=1, routed)           0.226     2.045    ticker/count0_carry__3_n_4
    SLICE_X4Y36          LUT2 (Prop_lut2_I1_O)        0.108     2.153 r  ticker/count[20]_i_1/O
                         net (fo=1, routed)           0.000     2.153    ticker/count_0[20]
    SLICE_X4Y36          FDRE                                         r  ticker/count_reg[20]/D
  -------------------------------------------------------------------    -------------------

                         (clock sys_clk_pin rise edge)
                                                      0.000     0.000 r  
    W5                                                0.000     0.000 r  clk (IN)
                         net (fo=0)                   0.000     0.000    clk
    W5                   IBUF (Prop_ibuf_I_O)         0.414     0.414 r  clk_IBUF_inst/O
                         net (fo=1, routed)           0.685     1.099    clk_IBUF
    BUFGCTRL_X0Y0        BUFG (Prop_bufg_I_O)         0.029     1.128 r  clk_IBUF_BUFG_inst/O
                         net (fo=43, routed)          0.859     1.986    ticker/clk_IBUF_BUFG
    SLICE_X4Y36          FDRE                                         r  ticker/count_reg[20]/C
                         clock pessimism             -0.514     1.472    
    SLICE_X4Y36          FDRE (Hold_fdre_C_D)         0.107     1.579    ticker/count_reg[20]
  -------------------------------------------------------------------
                         required time                         -1.579    
                         arrival time                           2.153    
  -------------------------------------------------------------------
                         slack                                  0.574    

Slack (MET) :             0.582ns  (arrival time - required time)
  Source:                 ticker/count_reg[12]/C
                            (rising edge-triggered cell FDRE clocked by sys_clk_pin  {rise@0.000ns fall@5.000ns period=10.000ns})
  Destination:            ticker/count_reg[5]/D
                            (rising edge-triggered cell FDRE clocked by sys_clk_pin  {rise@0.000ns fall@5.000ns period=10.000ns})
  Path Group:             sys_clk_pin
  Path Type:              Hold (Min at Fast Process Corner)
  Requirement:            0.000ns  (sys_clk_pin rise@0.000ns - sys_clk_pin rise@0.000ns)
  Data Path Delay:        0.702ns  (logic 0.339ns (48.300%)  route 0.363ns (51.700%))
  Logic Levels:           3  (LUT2=1 LUT4=1 LUT6=1)
  Clock Path Skew:        0.013ns (DCD - SCD - CPR)
    Destination Clock Delay (DCD):    1.984ns
    Source Clock Delay      (SCD):    1.472ns
    Clock Pessimism Removal (CPR):    0.499ns

    Location             Delay type                Incr(ns)  Path(ns)    Netlist Resource(s)
  -------------------------------------------------------------------    -------------------
                         (clock sys_clk_pin rise edge)
                                                      0.000     0.000 r  
    W5                                                0.000     0.000 r  clk (IN)
                         net (fo=0)                   0.000     0.000    clk
    W5                   IBUF (Prop_ibuf_I_O)         0.226     0.226 r  clk_IBUF_inst/O
                         net (fo=1, routed)           0.631     0.858    clk_IBUF
    BUFGCTRL_X0Y0        BUFG (Prop_bufg_I_O)         0.026     0.884 r  clk_IBUF_BUFG_inst/O
                         net (fo=43, routed)          0.589     1.472    ticker/clk_IBUF_BUFG
    SLICE_X6Y34          FDRE                                         r  ticker/count_reg[12]/C
  -------------------------------------------------------------------    -------------------
    SLICE_X6Y34          FDRE (Prop_fdre_C_Q)         0.148     1.620 f  ticker/count_reg[12]/Q
                         net (fo=2, routed)           0.115     1.735    ticker/count[12]
    SLICE_X4Y34          LUT4 (Prop_lut4_I3_O)        0.098     1.833 r  ticker/count[25]_i_6/O
                         net (fo=1, routed)           0.059     1.892    ticker/count[25]_i_6_n_0
    SLICE_X4Y34          LUT6 (Prop_lut6_I3_O)        0.045     1.937 r  ticker/count[25]_i_2/O
                         net (fo=26, routed)          0.189     2.126    ticker/count[25]_i_2_n_0
    SLICE_X4Y33          LUT2 (Prop_lut2_I0_O)        0.048     2.174 r  ticker/count[5]_i_1/O
                         net (fo=1, routed)           0.000     2.174    ticker/count_0[5]
    SLICE_X4Y33          FDRE                                         r  ticker/count_reg[5]/D
  -------------------------------------------------------------------    -------------------

                         (clock sys_clk_pin rise edge)
                                                      0.000     0.000 r  
    W5                                                0.000     0.000 r  clk (IN)
                         net (fo=0)                   0.000     0.000    clk
    W5                   IBUF (Prop_ibuf_I_O)         0.414     0.414 r  clk_IBUF_inst/O
                         net (fo=1, routed)           0.685     1.099    clk_IBUF
    BUFGCTRL_X0Y0        BUFG (Prop_bufg_I_O)         0.029     1.128 r  clk_IBUF_BUFG_inst/O
                         net (fo=43, routed)          0.857     1.984    ticker/clk_IBUF_BUFG
    SLICE_X4Y33          FDRE                                         r  ticker/count_reg[5]/C
                         clock pessimism             -0.499     1.485    
    SLICE_X4Y33          FDRE (Hold_fdre_C_D)         0.107     1.592    ticker/count_reg[5]
  -------------------------------------------------------------------
                         required time                         -1.592    
                         arrival time                           2.174    
  -------------------------------------------------------------------
                         slack                                  0.582    

Slack (MET) :             0.591ns  (arrival time - required time)
  Source:                 ticker/count_reg[3]/C
                            (rising edge-triggered cell FDRE clocked by sys_clk_pin  {rise@0.000ns fall@5.000ns period=10.000ns})
  Destination:            ticker/count_reg[3]/D
                            (rising edge-triggered cell FDRE clocked by sys_clk_pin  {rise@0.000ns fall@5.000ns period=10.000ns})
  Path Group:             sys_clk_pin
  Path Type:              Hold (Min at Fast Process Corner)
  Requirement:            0.000ns  (sys_clk_pin rise@0.000ns - sys_clk_pin rise@0.000ns)
  Data Path Delay:        0.698ns  (logic 0.398ns (56.980%)  route 0.300ns (43.020%))
  Logic Levels:           2  (CARRY4=1 LUT2=1)
  Clock Path Skew:        0.000ns (DCD - SCD - CPR)
    Destination Clock Delay (DCD):    1.983ns
    Source Clock Delay      (SCD):    1.470ns
    Clock Pessimism Removal (CPR):    0.513ns

    Location             Delay type                Incr(ns)  Path(ns)    Netlist Resource(s)
  -------------------------------------------------------------------    -------------------
                         (clock sys_clk_pin rise edge)
                                                      0.000     0.000 r  
    W5                                                0.000     0.000 r  clk (IN)
                         net (fo=0)                   0.000     0.000    clk
    W5                   IBUF (Prop_ibuf_I_O)         0.226     0.226 r  clk_IBUF_inst/O
                         net (fo=1, routed)           0.631     0.858    clk_IBUF
    BUFGCTRL_X0Y0        BUFG (Prop_bufg_I_O)         0.026     0.884 r  clk_IBUF_BUFG_inst/O
                         net (fo=43, routed)          0.587     1.470    ticker/clk_IBUF_BUFG
    SLICE_X4Y32          FDRE                                         r  ticker/count_reg[3]/C
  -------------------------------------------------------------------    -------------------
    SLICE_X4Y32          FDRE (Prop_fdre_C_Q)         0.128     1.598 r  ticker/count_reg[3]/Q
                         net (fo=2, routed)           0.128     1.726    ticker/count[3]
    SLICE_X5Y32          CARRY4 (Prop_carry4_S[2]_O[2])
                                                      0.165     1.891 r  ticker/count0_carry/O[2]
                         net (fo=1, routed)           0.172     2.064    ticker/count0_carry_n_5
    SLICE_X4Y32          LUT2 (Prop_lut2_I1_O)        0.105     2.169 r  ticker/count[3]_i_1/O
                         net (fo=1, routed)           0.000     2.169    ticker/count_0[3]
    SLICE_X4Y32          FDRE                                         r  ticker/count_reg[3]/D
  -------------------------------------------------------------------    -------------------

                         (clock sys_clk_pin rise edge)
                                                      0.000     0.000 r  
    W5                                                0.000     0.000 r  clk (IN)
                         net (fo=0)                   0.000     0.000    clk
    W5                   IBUF (Prop_ibuf_I_O)         0.414     0.414 r  clk_IBUF_inst/O
                         net (fo=1, routed)           0.685     1.099    clk_IBUF
    BUFGCTRL_X0Y0        BUFG (Prop_bufg_I_O)         0.029     1.128 r  clk_IBUF_BUFG_inst/O
                         net (fo=43, routed)          0.856     1.983    ticker/clk_IBUF_BUFG
    SLICE_X4Y32          FDRE                                         r  ticker/count_reg[3]/C
                         clock pessimism             -0.513     1.470    
    SLICE_X4Y32          FDRE (Hold_fdre_C_D)         0.107     1.577    ticker/count_reg[3]
  -------------------------------------------------------------------
                         required time                         -1.577    
                         arrival time                           2.169    
  -------------------------------------------------------------------
                         slack                                  0.591    

Slack (MET) :             0.595ns  (arrival time - required time)
  Source:                 ticker/count_reg[12]/C
                            (rising edge-triggered cell FDRE clocked by sys_clk_pin  {rise@0.000ns fall@5.000ns period=10.000ns})
  Destination:            ticker/count_reg[4]/D
                            (rising edge-triggered cell FDRE clocked by sys_clk_pin  {rise@0.000ns fall@5.000ns period=10.000ns})
  Path Group:             sys_clk_pin
  Path Type:              Hold (Min at Fast Process Corner)
  Requirement:            0.000ns  (sys_clk_pin rise@0.000ns - sys_clk_pin rise@0.000ns)
  Data Path Delay:        0.699ns  (logic 0.336ns (48.079%)  route 0.363ns (51.921%))
  Logic Levels:           3  (LUT2=1 LUT4=1 LUT6=1)
  Clock Path Skew:        0.013ns (DCD - SCD - CPR)
    Destination Clock Delay (DCD):    1.984ns
    Source Clock Delay      (SCD):    1.472ns
    Clock Pessimism Removal (CPR):    0.499ns

    Location             Delay type                Incr(ns)  Path(ns)    Netlist Resource(s)
  -------------------------------------------------------------------    -------------------
                         (clock sys_clk_pin rise edge)
                                                      0.000     0.000 r  
    W5                                                0.000     0.000 r  clk (IN)
                         net (fo=0)                   0.000     0.000    clk
    W5                   IBUF (Prop_ibuf_I_O)         0.226     0.226 r  clk_IBUF_inst/O
                         net (fo=1, routed)           0.631     0.858    clk_IBUF
    BUFGCTRL_X0Y0        BUFG (Prop_bufg_I_O)         0.026     0.884 r  clk_IBUF_BUFG_inst/O
                         net (fo=43, routed)          0.589     1.472    ticker/clk_IBUF_BUFG
    SLICE_X6Y34          FDRE                                         r  ticker/count_reg[12]/C
  -------------------------------------------------------------------    -------------------
    SLICE_X6Y34          FDRE (Prop_fdre_C_Q)         0.148     1.620 f  ticker/count_reg[12]/Q
                         net (fo=2, routed)           0.115     1.735    ticker/count[12]
    SLICE_X4Y34          LUT4 (Prop_lut4_I3_O)        0.098     1.833 r  ticker/count[25]_i_6/O
                         net (fo=1, routed)           0.059     1.892    ticker/count[25]_i_6_n_0
    SLICE_X4Y34          LUT6 (Prop_lut6_I3_O)        0.045     1.937 r  ticker/count[25]_i_2/O
                         net (fo=26, routed)          0.189     2.126    ticker/count[25]_i_2_n_0
    SLICE_X4Y33          LUT2 (Prop_lut2_I0_O)        0.045     2.171 r  ticker/count[4]_i_1/O
                         net (fo=1, routed)           0.000     2.171    ticker/count_0[4]
    SLICE_X4Y33          FDRE                                         r  ticker/count_reg[4]/D
  -------------------------------------------------------------------    -------------------

                         (clock sys_clk_pin rise edge)
                                                      0.000     0.000 r  
    W5                                                0.000     0.000 r  clk (IN)
                         net (fo=0)                   0.000     0.000    clk
    W5                   IBUF (Prop_ibuf_I_O)         0.414     0.414 r  clk_IBUF_inst/O
                         net (fo=1, routed)           0.685     1.099    clk_IBUF
    BUFGCTRL_X0Y0        BUFG (Prop_bufg_I_O)         0.029     1.128 r  clk_IBUF_BUFG_inst/O
                         net (fo=43, routed)          0.857     1.984    ticker/clk_IBUF_BUFG
    SLICE_X4Y33          FDRE                                         r  ticker/count_reg[4]/C
                         clock pessimism             -0.499     1.485    
    SLICE_X4Y33          FDRE (Hold_fdre_C_D)         0.091     1.576    ticker/count_reg[4]
  -------------------------------------------------------------------
                         required time                         -1.576    
                         arrival time                           2.171    
  -------------------------------------------------------------------
                         slack                                  0.595    

Slack (MET) :             0.597ns  (arrival time - required time)
  Source:                 ticker/count_reg[10]/C
                            (rising edge-triggered cell FDRE clocked by sys_clk_pin  {rise@0.000ns fall@5.000ns period=10.000ns})
  Destination:            ticker/count_reg[10]/D
                            (rising edge-triggered cell FDRE clocked by sys_clk_pin  {rise@0.000ns fall@5.000ns period=10.000ns})
  Path Group:             sys_clk_pin
  Path Type:              Hold (Min at Fast Process Corner)
  Requirement:            0.000ns  (sys_clk_pin rise@0.000ns - sys_clk_pin rise@0.000ns)
  Data Path Delay:        0.688ns  (logic 0.358ns (52.028%)  route 0.330ns (47.972%))
  Logic Levels:           2  (CARRY4=1 LUT2=1)
  Clock Path Skew:        0.000ns (DCD - SCD - CPR)
    Destination Clock Delay (DCD):    1.986ns
    Source Clock Delay      (SCD):    1.472ns
    Clock Pessimism Removal (CPR):    0.514ns

    Location             Delay type                Incr(ns)  Path(ns)    Netlist Resource(s)
  -------------------------------------------------------------------    -------------------
                         (clock sys_clk_pin rise edge)
                                                      0.000     0.000 r  
    W5                                                0.000     0.000 r  clk (IN)
                         net (fo=0)                   0.000     0.000    clk
    W5                   IBUF (Prop_ibuf_I_O)         0.226     0.226 r  clk_IBUF_inst/O
                         net (fo=1, routed)           0.631     0.858    clk_IBUF
    BUFGCTRL_X0Y0        BUFG (Prop_bufg_I_O)         0.026     0.884 r  clk_IBUF_BUFG_inst/O
                         net (fo=43, routed)          0.589     1.472    ticker/clk_IBUF_BUFG
    SLICE_X4Y35          FDRE                                         r  ticker/count_reg[10]/C
  -------------------------------------------------------------------    -------------------
    SLICE_X4Y35          FDRE (Prop_fdre_C_Q)         0.141     1.613 r  ticker/count_reg[10]/Q
                         net (fo=2, routed)           0.126     1.739    ticker/count[10]
    SLICE_X5Y34          CARRY4 (Prop_carry4_S[1]_O[1])
                                                      0.110     1.849 r  ticker/count0_carry__1/O[1]
                         net (fo=1, routed)           0.204     2.053    ticker/count0_carry__1_n_6
    SLICE_X4Y35          LUT2 (Prop_lut2_I1_O)        0.107     2.160 r  ticker/count[10]_i_1/O
                         net (fo=1, routed)           0.000     2.160    ticker/count_0[10]
    SLICE_X4Y35          FDRE                                         r  ticker/count_reg[10]/D
  -------------------------------------------------------------------    -------------------

                         (clock sys_clk_pin rise edge)
                                                      0.000     0.000 r  
    W5                                                0.000     0.000 r  clk (IN)
                         net (fo=0)                   0.000     0.000    clk
    W5                   IBUF (Prop_ibuf_I_O)         0.414     0.414 r  clk_IBUF_inst/O
                         net (fo=1, routed)           0.685     1.099    clk_IBUF
    BUFGCTRL_X0Y0        BUFG (Prop_bufg_I_O)         0.029     1.128 r  clk_IBUF_BUFG_inst/O
                         net (fo=43, routed)          0.859     1.986    ticker/clk_IBUF_BUFG
    SLICE_X4Y35          FDRE                                         r  ticker/count_reg[10]/C
                         clock pessimism             -0.514     1.472    
    SLICE_X4Y35          FDRE (Hold_fdre_C_D)         0.091     1.563    ticker/count_reg[10]
  -------------------------------------------------------------------
                         required time                         -1.563    
                         arrival time                           2.160    
  -------------------------------------------------------------------
                         slack                                  0.597    





Pulse Width Checks
--------------------------------------------------------------------------------------
Clock Name:         sys_clk_pin
Waveform(ns):       { 0.000 5.000 }
Period(ns):         10.000
Sources:            { clk }

Check Type        Corner  Lib Pin  Reference Pin  Required(ns)  Actual(ns)  Slack(ns)  Location       Pin
Min Period        n/a     BUFG/I   n/a            2.155         10.000      7.845      BUFGCTRL_X0Y0  clk_IBUF_BUFG_inst/I
Min Period        n/a     FDRE/C   n/a            1.000         10.000      9.000      SLICE_X3Y33    led_writer/leds_reg[0]/C
Min Period        n/a     FDRE/C   n/a            1.000         10.000      9.000      SLICE_X3Y34    led_writer/leds_reg[10]/C
Min Period        n/a     FDRE/C   n/a            1.000         10.000      9.000      SLICE_X2Y34    led_writer/leds_reg[11]/C
Min Period        n/a     FDRE/C   n/a            1.000         10.000      9.000      SLICE_X0Y34    led_writer/leds_reg[12]/C
Min Period        n/a     FDRE/C   n/a            1.000         10.000      9.000      SLICE_X2Y34    led_writer/leds_reg[13]/C
Min Period        n/a     FDRE/C   n/a            1.000         10.000      9.000      SLICE_X2Y34    led_writer/leds_reg[14]/C
Min Period        n/a     FDRE/C   n/a            1.000         10.000      9.000      SLICE_X3Y34    led_writer/leds_reg[15]/C
Min Period        n/a     FDRE/C   n/a            1.000         10.000      9.000      SLICE_X2Y33    led_writer/leds_reg[1]/C
Min Period        n/a     FDRE/C   n/a            1.000         10.000      9.000      SLICE_X2Y32    led_writer/leds_reg[2]/C
Low Pulse Width   Fast    FDRE/C   n/a            0.500         5.000       4.500      SLICE_X3Y33    led_writer/leds_reg[0]/C
Low Pulse Width   Fast    FDRE/C   n/a            0.500         5.000       4.500      SLICE_X3Y34    led_writer/leds_reg[10]/C
Low Pulse Width   Fast    FDRE/C   n/a            0.500         5.000       4.500      SLICE_X2Y34    led_writer/leds_reg[11]/C
Low Pulse Width   Fast    FDRE/C   n/a            0.500         5.000       4.500      SLICE_X0Y34    led_writer/leds_reg[12]/C
Low Pulse Width   Fast    FDRE/C   n/a            0.500         5.000       4.500      SLICE_X2Y34    led_writer/leds_reg[13]/C
Low Pulse Width   Fast    FDRE/C   n/a            0.500         5.000       4.500      SLICE_X2Y34    led_writer/leds_reg[14]/C
Low Pulse Width   Fast    FDRE/C   n/a            0.500         5.000       4.500      SLICE_X3Y34    led_writer/leds_reg[15]/C
Low Pulse Width   Fast    FDRE/C   n/a            0.500         5.000       4.500      SLICE_X2Y33    led_writer/leds_reg[1]/C
Low Pulse Width   Slow    FDRE/C   n/a            0.500         5.000       4.500      SLICE_X0Y31    led_writer/leds_reg[4]/C
Low Pulse Width   Slow    FDRE/C   n/a            0.500         5.000       4.500      SLICE_X0Y31    led_writer/leds_reg[5]/C
High Pulse Width  Slow    FDRE/C   n/a            0.500         5.000       4.500      SLICE_X3Y33    led_writer/leds_reg[0]/C
High Pulse Width  Fast    FDRE/C   n/a            0.500         5.000       4.500      SLICE_X3Y33    led_writer/leds_reg[0]/C
High Pulse Width  Slow    FDRE/C   n/a            0.500         5.000       4.500      SLICE_X3Y34    led_writer/leds_reg[10]/C
High Pulse Width  Slow    FDRE/C   n/a            0.500         5.000       4.500      SLICE_X2Y34    led_writer/leds_reg[11]/C
High Pulse Width  Slow    FDRE/C   n/a            0.500         5.000       4.500      SLICE_X0Y34    led_writer/leds_reg[12]/C
High Pulse Width  Slow    FDRE/C   n/a            0.500         5.000       4.500      SLICE_X2Y34    led_writer/leds_reg[13]/C
High Pulse Width  Slow    FDRE/C   n/a            0.500         5.000       4.500      SLICE_X2Y34    led_writer/leds_reg[14]/C
High Pulse Width  Slow    FDRE/C   n/a            0.500         5.000       4.500      SLICE_X3Y34    led_writer/leds_reg[15]/C
High Pulse Width  Slow    FDRE/C   n/a            0.500         5.000       4.500      SLICE_X2Y33    led_writer/leds_reg[1]/C
High Pulse Width  Fast    FDRE/C   n/a            0.500         5.000       4.500      SLICE_X2Y33    led_writer/leds_reg[1]/C



